SID,Password
SID2609017132,123456@Aa
SID2609017133,123456@Aa
SID2609017134,123456@Aa
SID2609017137,123456@Aa
SID2609017136,123456@Aa
SID2609017135,123456@Aa
SID2609017139,123456@Aa
SID2609017141,123456@Aa
SID2609017143,123456@Aa
SID2609017146,123456@Aa
SID2609017149,123456@Aa
SID2609017152,123456@Aa
SID2609017142,123456@Aa
SID2609017145,123456@Aa
SID2609017147,123456@Aa
SID2609017156,123456@Aa
SID2609017159,123456@Aa
SID2609017162,123456@Aa
SID2609017165,123456@Aa
SID2609017138,123456@Aa
SID2609017150,123456@Aa
SID2609017167,123456@Aa
SID2609017153,123456@Aa
SID2609017171,123456@Aa
SID2609017155,123456@Aa
SID2609017174,123456@Aa
SID2609017140,123456@Aa
SID2609017158,123456@Aa
SID2609017161,123456@Aa
SID2609017144,123456@Aa
SID2609017148,123456@Aa
SID2609017151,123456@Aa
SID2609017154,123456@Aa
SID2609017157,123456@Aa
SID2609017177,123456@Aa
SID2609017160,123456@Aa
SID2609017180,123456@Aa
SID2609017184,123456@Aa
SID2609017164,123456@Aa
SID2609017166,123456@Aa
SID2609017186,123456@Aa
SID2609017190,123456@Aa
SID2609017163,123456@Aa
SID2609017194,123456@Aa
SID2609017168,123456@Aa
SID2609017196,123456@Aa
SID2609017170,123456@Aa
SID2609017169,123456@Aa
SID2609017173,123456@Aa
SID2609017201,123456@Aa
SID2609017204,123456@Aa
SID2609017176,123456@Aa
SID2609017179,123456@Aa
SID2609017183,123456@Aa
SID2609017207,123456@Aa
SID2609017210,123456@Aa
SID2609017188,123456@Aa
SID2609017172,123456@Aa
SID2609017175,123456@Aa
SID2609017213,123456@Aa
SID2609017191,123456@Aa
SID2609017193,123456@Aa
SID2609017216,123456@Aa
SID2609017197,123456@Aa
SID2609017219,123456@Aa
SID2609017178,123456@Aa
SID2609017181,123456@Aa
SID2609017199,123456@Aa
SID2609017202,123456@Aa
SID2609017205,123456@Aa
SID2609017222,123456@Aa
SID2609017208,123456@Aa
SID2609017225,123456@Aa
SID2609017212,123456@Aa
SID2609017182,123456@Aa
SID2609017215,123456@Aa
SID2609017218,123456@Aa
SID2609017185,123456@Aa
SID2609017227,123456@Aa
SID2609017187,123456@Aa
SID2609017221,123456@Aa
SID2609017232,123456@Aa
SID2609017189,123456@Aa
SID2609017192,123456@Aa
SID2609017234,123456@Aa
SID2609017195,123456@Aa
SID2609017198,123456@Aa
SID2609017224,123456@Aa
SID2609017237,123456@Aa
SID2609017240,123456@Aa
SID2609017228,123456@Aa
SID2609017200,123456@Aa
SID2609017203,123456@Aa
SID2609017206,123456@Aa
SID2609017209,123456@Aa
SID2609017230,123456@Aa
SID2609017211,123456@Aa
SID2609017233,123456@Aa
SID2609017236,123456@Aa